USE BD_GestionVinsQC;

-- Insertion de données fabriquées dans la base de données avec des codes régionaux abrégés
INSERT INTO Producteur (id_producteur, nom, adresse, region) VALUES
(1, 'Mission Hill', 'Kelowna, Canada', 'BC'),
(2, 'Inniskillin', 'Niagara-on-the-Lake, Canada', 'ON'),
(3, 'Jackson-Triggs', 'Niagara-on-the-Lake, Canada', 'ON'),
(4, 'Quails'' Gate', 'West Kelowna, Canada', 'BC'),
(5, 'Nk''Mip Cellars', 'Osoyoos, Canada', 'BC'),
(6, 'Peller Estates', 'Niagara-on-the-Lake, Canada', 'ON'),
(7, 'Tawse Winery', 'Vineland, Canada', 'ON'),
(8, 'Cave Spring', 'Jordan, Canada', 'ON'),
(9, 'Sumac Ridge', 'Summerland, Canada', 'BC'),
(10, 'Sandhill Wines', 'Kelowna, Canada', 'BC'),
(11, 'CedarCreek Estate Winery', 'Kelowna, Canada', 'BC'),
(12, 'Hester Creek', 'Oliver, Canada', 'BC'),
(13, 'Burrowing Owl', 'Oliver, Canada', 'BC'),
(14, 'Henry of Pelham', 'St. Catharines, Canada', 'ON'),
(15, 'Thirty Bench', 'Beamsville, Canada', 'ON'),
(16, 'Domaine du Nival', 'Québec, Canada', 'QC'),
(17, 'Vignoble Rivière du Chêne', 'Saint-Eustache, Canada', 'QC'),
(18, 'Vignoble La Bauge', 'Saint-Paul-d’Abbotsford, Canada', 'QC'),
(19, 'Vignoble du Ruisseau', 'Dunham, Canada', 'QC'),
(20, 'Vignoble Sainte-Pétronille', 'Sainte-Pétronille, Canada', 'QC');

INSERT INTO Vin (id_vin, id_producteur, nom, type, millesime) VALUES
(1, 7, 'Oculus', 'Rouge', 2017),
(2, 14, 'Icewine Vidal', 'Blanc', 2018),
(3, 16, 'Cabernet Sauvignon', 'Rouge', 2016),
(4, 2, 'Merlot', 'Rouge', 2019),
(5, 12, 'Pinot Noir', 'Rouge', 2018),
(6, 19, 'Chardonnay', 'Blanc', 2017),
(7, 8, 'Riesling', 'Blanc', 2016),
(8, 15, 'Gewurztraminer', 'Blanc', 2020),
(9, 10, 'Sauvignon Blanc', 'Blanc', 2019),
(10, 1, 'Syrah', 'Rouge', 2017),
(11, 13, 'Zinfandel', 'Rouge', 2018),
(12, 18, 'Petit Verdot', 'Rouge', 2017),
(13, 4, 'Baco Noir', 'Rouge', 2016),
(14, 11, 'Gamay', 'Rouge', 2018),
(15, 20, 'Cabernet Franc', 'Rouge', 2019),
(16, 6, 'Malbec', 'Rouge', 2017),
(17, 5, 'Viognier', 'Blanc', 2016),
(18, 17, 'Rosé', 'Rosé', 2018),
(19, 3, 'Icewine Riesling', 'Blanc', 2019),
(20, 9, 'Late Harvest Chardonnay', 'Blanc', 2017),
(21, 12, 'Fume Blanc', 'Blanc', 2019),
(22, 16, 'Pinot Gris', 'Blanc', 2020),
(23, 14, 'Icewine Cabernet Franc', 'Rouge', 2018),
(24, 5, 'Icewine Cabernet Sauvignon', 'Rouge', 2017),
(25, 3, 'Sparkling Wine', 'Blanc', 2018),
(26, 8, 'Sparkling Rosé', 'Rosé', 2017),
(27, 10, 'Prosecco', 'Blanc', 2019),
(28, 19, 'Moscato', 'Blanc', 2020),
(29, 20, 'Shiraz', 'Rouge', 2018),
(30, 13, 'Gruner Veltliner', 'Blanc', 2019),
(31, 7, 'Icewine Merlot', 'Rouge', 2017),
(32, 2, 'Sauvignon Gris', 'Blanc', 2019),
(33, 9, 'Chenin Blanc', 'Blanc', 2016),
(34, 11, 'Icewine Pinot Noir', 'Rouge', 2018),
(35, 16, 'Sparkling Red Wine', 'Rouge', 2017),
(36, 8, 'Riesling Icewine', 'Blanc', 2018),
(37, 4, 'Icewine Gewurztraminer', 'Blanc', 2017),
(38, 6, 'Icewine Gruner Veltliner', 'Blanc', 2019),
(39, 10, 'Sparkling Blanc de Blancs', 'Blanc', 2018),
(40, 14, 'Sparkling Blanc de Noirs', 'Rouge', 2017),
(41, 12, 'Cuvée Rosé', 'Rosé', 2019),
(42, 11, 'Rosé d''Anjou', 'Rosé', 2020),
(43, 7, 'Moscato d''Asti', 'Blanc', 2019),
(44, 20, 'Brut Rosé', 'Rosé', 2017),
(45, 13, 'Rosé Brut', 'Rosé', 2019),
(46, 19, 'Sparkling Merlot', 'Rouge', 2018),
(47, 3, 'Blanc de Blancs', 'Blanc', 2020),
(48, 5, 'Brut Nature', 'Blanc', 2019),
(49, 18, 'Brut Reserve', 'Blanc', 2018),
(50, 15, 'Blanc de Noirs', 'Rouge', 2020),
(51, 9, 'Vidal Icewine', 'Blanc', 2018),
(52, 17, 'Orléans Rouge', 'Rouge', 2019),
(53, 12, 'Chardonnay de l’Orléans', 'Blanc', 2020),
(54, 5, 'Gamay du Vignoble Rivière du Chêne', 'Rouge', 2018),
(55, 16, 'Chardonnay du Vignoble Rivière du Chêne', 'Blanc', 2019),
(56, 6, 'Baco Noir du Vignoble La Bauge', 'Rouge', 2018),
(57, 7, 'Pinot Noir du Vignoble La Bauge', 'Rouge', 2019),
(58, 14, 'Cuvée du Vignoble du Ruisseau', 'Rouge', 2017),
(59, 3, 'Chardonnay du Vignoble du Ruisseau', 'Blanc', 2018),
(60, 11, 'Rosé du Vignoble Sainte-Pétronille', 'Rosé', 2019),
(61, 2, 'Pinot Gris du Vignoble Sainte-Pétronille', 'Blanc', 2020);

INSERT INTO Distributeur (id_distributeur, nom, adresse, region) VALUES
(1, 'VQA Wines of Canada', 'Toronto, Canada', 'ON'),
(2, 'BC Liquor Stores', 'Vancouver, Canada', 'BC'),
(3, 'SAQ', 'Montréal, Canada', 'QC'),
(4, 'LCBO', 'Ottawa, Canada', 'ON'),
(5, 'Alberta Liquor Store Association', 'Edmonton, Canada', 'AB'),
(6, 'Nova Scotia Liquor Corporation', 'Halifax, Canada', 'NS'),
(7, 'Manitoba Liquor & Lotteries', 'Winnipeg, Canada', 'MB'),
(8, 'Newfoundland and Labrador Liquor Corporation', 'St. John''s, Canada', 'NL'),
(9, 'PEI Liquor Control Commission', 'Charlottetown, Canada', 'PE'),
(10, 'Saskatchewan Liquor and Gaming Authority', 'Regina, Canada', 'SK');

INSERT INTO Detaillant (id_detaillant, nom, adresse, region) VALUES
(1, 'Vin Room', 'Calgary, Canada', 'AB'),
(2, 'Wine Rack', 'Toronto, Canada', 'ON'),
(3, 'LCBO', 'Ottawa, Canada', 'ON'),
(4, 'J Webb Wine Merchant', 'Calgary, Canada', 'AB'),
(5, 'Crown Liquor Store', 'Vancouver, Canada', 'BC'),
(6, 'Metropolitan Wines', 'Toronto, Canada', 'ON'),
(7, 'Marquis Wine Cellars', 'Vancouver, Canada', 'BC'),
(8, 'Caveau de la Charité', 'Montréal, Canada', 'QC'),
(9, 'Le Sommelier', 'Québec, Canada', 'QC'),
(10, 'La Maison des Vins', 'Montréal, Canada', 'QC');


INSERT INTO Transactions (id_transactions, id_producteur, id_detaillant, id_distributeur, id_vin, date, Prix) VALUES
(1, 17, 9, NULL, 25, '2024-06-01', 19682),
(2, 6, 2, NULL, 12, '2024-06-06', 18342),
(3, 20, 5, NULL, 33, '2024-06-11', 15976),
(4, 4, 3, NULL, 47, '2024-06-16', 17145),
(5, 13, 7, NULL, 29, '2024-06-21', 16284),
(6, 8, 6, NULL, 18, '2024-06-26', 19803),
(7, 12, 2, NULL, 20, '2024-07-01', 17649),
(8, 1, 4, NULL, 41, '2024-07-06', 18259),
(9, 10, 1, NULL, 39, '2024-07-11', 16523),
(10, 7, 3, NULL, 44, '2024-07-12', 15947),
(11, 16, 8, NULL, 31, '2024-07-13', 18876),
(12, 9, 7, NULL, 50, '2024-07-14', 19642),
(13, 14, 10, NULL, 26, '2024-07-02', 19874),
(14, 18, 6, NULL, 37, '2024-07-03', 15329),
(15, 5, 5, NULL, 30, '2024-07-04', 19481),
(16, 3, 9, NULL, 14, '2024-07-05', 18109),
(17, 15, 7, NULL, 22, '2024-07-07', 17620),
(18, 19, 1, NULL, 45, '2024-07-08', 15782),
(19, 2, 2, NULL, 48, '2024-07-09', 19801),
(20, 11, 8, NULL, 17, '2024-07-10', 16753),
(21, 6, 10, NULL, 35, '2024-07-11', 16359),
(22, 8, 4, NULL, 24, '2024-07-12', 17915),
(23, 13, 5, NULL, 42, '2024-07-13', 15948),
(24, 7, 3, NULL, 49, '2024-07-14', 19561),
(25, 14, 9, NULL, 28, '2024-07-07', 17940),
(26, 3, NULL, 1, 50, '2024-06-05', 18522),
(27, 7, NULL, 2, 23, '2024-06-10', 19173),
(28, 4, NULL, 3, 8, '2024-06-15', 16034),
(29, 8, NULL, 4, 43, '2024-06-20', 18912),
(30, 9, NULL, 5, 16, '2024-06-25', 17994),
(31, 10, NULL, 6, 6, '2024-07-01', 19890),
(32, 6, NULL, 7, 27, '2024-07-02', 18760),
(33, 5, NULL, 8, 34, '2024-07-03', 16472),
(34, 3, NULL, 9, 12, '2024-07-04', 19867),
(35, 1, NULL, 10, 5, '2024-07-05', 18854),
(36, 2, NULL, 2, 38, '2024-07-06', 17613),
(37, NULL, 4, 3, 46, '2024-07-07', 16947),
(38, NULL, 7, 4, 13, '2024-07-08', 19647),
(39, NULL, 5, 5, 11, '2024-07-09', 16490),
(40, NULL, 6, 6, 40, '2024-07-10', 17156),
(41, NULL, 10, 7, 19, '2024-07-11', 18235),
(42, NULL, 2, 8, 9, '2024-07-12', 17952),
(43, NULL, 3, 9, 32, '2024-07-13', 18947),
(44, NULL, 9, 10, 2, '2024-07-14', 19270),
(45, NULL, 7, 1, 7, '2024-07-01', 19060),
(46, NULL, 6, 2, 1, '2024-07-02', 18076),
(47, NULL, 1, 3, 21, '2024-07-03', 17165),
(48, NULL, 4, 4, 44, '2024-07-04', 18492),
(49, NULL, 8, 5, 4, '2024-07-05', 17690),
(50, NULL, 5, 6, 39, '2024-07-06', 19127);



